<?xml version="1.0" encoding="utf-8"?>
<doc>
<assembly><name>Traktor</name></assembly>
<members>
<member name="">

</member>
<member name="">

</member>
<member name="">

</member>
<member name="">

</member>
<member name="">

</member>
<member name="">

</member>
<member name="">

</member>
<member name="">

</member>
<member name="">

</member>
<member name="">

</member>
<member name="">

</member>
<member name="">

</member>
<member name="">

</member>
<member name="">

</member>
<member name="">

</member>
<member name="M:Collection.Graph.asMap``1(System.Tuple{Collection.Song,``0}[])">
<summary>
Create a Map&lt;audioId:string, (Song * Edge list)&gt; from a Song * Edge list array.
</summary>
</member>
<member name="M:Collection.Graph.calculateWeights``1(System.Tuple{``0,Microsoft.FSharp.Collections.FSharpList{Collection.Edge}}[])">
<summary>
Calculate weights for a (Song * Edge list) array
</summary>
</member>
<member name="M:Collection.Graph.weightForKey``1(System.Int32,``0,System.Int32,Collection.Chord)">
<summary>
Calculate the weight from a given Key to another Key.
</summary>
</member>
<member name="M:Collection.Graph.buildGraph(Microsoft.FSharp.Collections.FSharpList{Collection.Song})">
<summary>
Create a graph (represented as a Song * Edge list array) from  a Song list.
</summary>
</member>
<member name="T:Collection.Graph">

</member>
<member name="M:Collection.CollectionParser.parseCollection(System.String)">
<summary>
Parse a .nml collection into a Song list.
</summary>
</member>
<member name="M:Collection.CollectionParser.unwrapString(Microsoft.FSharp.Core.FSharpOption{System.String})">
<summary>
Unwrap a string option into either the value or &quot;&quot; if None.
</summary>
</member>
<member name="M:Collection.CollectionParser.hashString(System.String)">
<summary>
Hash a given string using SHA256 (UTF-8)
</summary>
</member>
<member name="T:Collection.CollectionParser">

</member>
<member name="T:Collection">

</member>
<member name="">

</member>
<member name="">

</member>
<member name="T:Server.SongResponse">
<summary>
JSON data type
</summary>
</member>
<member name="">

</member>
<member name="">

</member>
<member name="P:Server.app">
<summary>
Setup web server.
</summary>
</member>
<member name="">

</member>
<member name="M:Server.bestTransitions(System.Int32,Microsoft.FSharp.Collections.FSharpList{Collection.Edge})">
<summary>
Get the n best transitions from a given (Song * Edge list) tuple.
</summary>
</member>
<member name="M:Server.getById``2(``0)">
<summary>
Find a given (Song * Edge list) tuple with the given AudioId.
</summary>
</member>
<member name="M:Server.setCollectionString(System.Byte[])">
<summary>
Set a new path to the collection from an incoming HTTP POST. Graph will be rebuilt.
</summary>
</member>
<member name="">

</member>
<member name="M:Server.fromJson(System.String)">
<summary>
Deserialise a given object from JSON.
</summary>
</member>
<member name="M:Server.asJson``1(``0)">
<summary>
Convert a given object into JSON.
</summary>
</member>
<member name="M:Server.take``1(System.Int32,Microsoft.FSharp.Collections.FSharpList{``0})">
<summary>
Take n elements from a given list until there are no more elements.
</summary>
</member>
<member name="T:Server">

</member>
</members>
</doc>
